{"cameraMode":{"drawMode":0,"name":"Shaded","section":"Shading Mode"},"sceneLighting":false,"audioPlay":false,"sceneViewState":{"showFog":true,"showMaterialUpdate":false,"showSkybox":true,"showFlares":true,"showImageEffects":true,"showParticleSystems":true,"showVisualEffectGraphs":true,"m_FxEnabled":true},"in2DMode":false,"pivot":{"x":-37.65318298339844,"y":4.461998462677002,"z":24.315792083740236},"rotation":{"x":0.0026004533283412458,"y":-0.9935262203216553,"z":0.11466222256422043,"w":0.020200658589601518},"size":3.258457899093628,"orthographic":false}