{"cameraMode":{"drawMode":0,"name":"Shaded","section":"Shading Mode"},"sceneLighting":false,"audioPlay":false,"sceneViewState":{"showFog":true,"showMaterialUpdate":false,"showSkybox":true,"showFlares":true,"showImageEffects":true,"showParticleSystems":true,"showVisualEffectGraphs":true,"m_FxEnabled":true},"in2DMode":false,"pivot":{"x":420.5551452636719,"y":151.46192932128907,"z":-33.42576217651367},"rotation":{"x":0.03810754045844078,"y":-0.001874433597549796,"z":0.0007242276333272457,"w":0.9995445609092712},"size":259.2198486328125,"orthographic":false}