{"cameraMode":{"drawMode":0,"name":"Shaded","section":"Shading Mode"},"sceneLighting":false,"audioPlay":false,"sceneViewState":{"showFog":true,"showMaterialUpdate":false,"showSkybox":true,"showFlares":true,"showImageEffects":true,"showParticleSystems":true,"showVisualEffectGraphs":true,"m_FxEnabled":true},"in2DMode":false,"pivot":{"x":368.7076110839844,"y":267.89556884765627,"z":7.935679912567139},"rotation":{"x":0.04290503263473511,"y":-0.01233686413615942,"z":0.00044344301568344235,"w":0.9993109703063965},"size":175.1634979248047,"orthographic":false}