{"cameraMode":{"drawMode":0,"name":"Shaded","section":"Shading Mode"},"sceneLighting":false,"audioPlay":false,"sceneViewState":{"showFog":true,"showMaterialUpdate":false,"showSkybox":true,"showFlares":true,"showImageEffects":true,"showParticleSystems":true,"showVisualEffectGraphs":true,"m_FxEnabled":true},"in2DMode":false,"pivot":{"x":431.9573059082031,"y":210.59083557128907,"z":-3.002671718597412},"rotation":{"x":0.02191224880516529,"y":0.0038563753478229048,"z":-0.00005148963464307599,"w":1.0001035928726197},"size":240.0302734375,"orthographic":false}