{"cameraMode":{"drawMode":0,"name":"Shaded","section":"Shading Mode"},"sceneLighting":false,"audioPlay":false,"sceneViewState":{"showFog":true,"showMaterialUpdate":false,"showSkybox":true,"showFlares":true,"showImageEffects":true,"showParticleSystems":true,"showVisualEffectGraphs":true,"m_FxEnabled":true},"in2DMode":false,"pivot":{"x":368.7052307128906,"y":259.3187255859375,"z":-3.5580523014068605},"rotation":{"x":0.0503985770046711,"y":-0.012333174236118794,"z":0.0005362719530239701,"w":0.9989604949951172},"size":214.33941650390626,"orthographic":false}