{"cameraMode":{"drawMode":0,"name":"Shaded","section":"Shading Mode"},"sceneLighting":false,"audioPlay":false,"sceneViewState":{"showFog":true,"showMaterialUpdate":false,"showSkybox":false,"showFlares":true,"showImageEffects":true,"showParticleSystems":true,"showVisualEffectGraphs":true,"m_FxEnabled":true},"in2DMode":false,"pivot":{"x":14.04623031616211,"y":-2.5264551639556886,"z":0.1896905153989792},"rotation":{"x":0.21660931408405305,"y":-0.03613897040486336,"z":0.00765744224190712,"w":0.9758873581886292},"size":1.3910809755325318,"orthographic":false}