{"cameraMode":{"drawMode":0,"name":"Shaded","section":"Shading Mode"},"sceneLighting":false,"audioPlay":false,"sceneViewState":{"showFog":true,"showMaterialUpdate":false,"showSkybox":false,"showFlares":true,"showImageEffects":true,"showParticleSystems":true,"showVisualEffectGraphs":true,"m_FxEnabled":true},"in2DMode":false,"pivot":{"x":-36.757205963134769,"y":5.27478551864624,"z":27.948699951171876},"rotation":{"x":0.005906632170081139,"y":-0.9935409426689148,"z":0.08732697367668152,"w":0.07641100138425827},"size":0.8851541876792908,"orthographic":false}