{"cameraMode":{"drawMode":0,"name":"Shaded","section":"Shading Mode"},"sceneLighting":false,"audioPlay":false,"sceneViewState":{"showFog":true,"showMaterialUpdate":false,"showSkybox":false,"showFlares":true,"showImageEffects":true,"showParticleSystems":true,"showVisualEffectGraphs":true,"m_FxEnabled":true},"in2DMode":false,"pivot":{"x":-39.50422668457031,"y":4.551299571990967,"z":19.065122604370118},"rotation":{"x":0.21555370092391969,"y":0.016492299735546113,"z":-0.0027447848115116359,"w":0.9766610264778137},"size":1.1515541076660157,"orthographic":false}