{"cameraMode":{"drawMode":0,"name":"Shaded","section":"Shading Mode"},"sceneLighting":false,"audioPlay":false,"sceneViewState":{"showFog":true,"showMaterialUpdate":false,"showSkybox":false,"showFlares":true,"showImageEffects":true,"showParticleSystems":true,"showVisualEffectGraphs":true,"m_FxEnabled":true},"in2DMode":false,"pivot":{"x":-11.162365913391114,"y":3.921964406967163,"z":34.74756622314453},"rotation":{"x":-0.00011690847895806655,"y":0.9983800649642944,"z":-0.0599973239004612,"w":-0.01641627587378025},"size":2.0991573333740236,"orthographic":false}