{"cameraMode":{"drawMode":0,"name":"Shaded","section":"Shading Mode"},"sceneLighting":false,"audioPlay":false,"sceneViewState":{"showFog":true,"showMaterialUpdate":false,"showSkybox":false,"showFlares":true,"showImageEffects":true,"showParticleSystems":true,"showVisualEffectGraphs":true,"m_FxEnabled":true},"in2DMode":false,"pivot":{"x":-40.670013427734378,"y":4.023348331451416,"z":33.462562561035159},"rotation":{"x":0.33529603481292727,"y":-0.41579076647758486,"z":0.16922201216220857,"w":0.8286226391792297},"size":1.2772380113601685,"orthographic":false}